23487963576,WatchEvent,2022-08-17T15:52:40Z,17,8,2022
23487963624,CreateEvent,2022-08-17T15:52:40Z,17,8,2022
23487963529,PushEvent,2022-08-17T15:52:40Z,17,8,2022
23487963558,IssueCommentEvent,2022-08-17T15:52:40Z,17,8,2022
23487963581,PullRequestEvent,2022-08-17T15:52:40Z,17,8,2022
23487963532,PushEvent,2022-08-17T15:52:40Z,17,8,2022
23487963524,PushEvent,2022-08-17T15:52:40Z,17,8,2022
23487963526,PushEvent,2022-08-17T15:52:40Z,17,8,2022
23487963492,PushEvent,2022-08-17T15:52:40Z,17,8,2022
23487963504,DeleteEvent,2022-08-17T15:52:40Z,17,8,2022
23487963536,PullRequestReviewEvent,2022-08-17T15:52:40Z,17,8,2022
23487963495,CreateEvent,2022-08-17T15:52:40Z,17,8,2022
23487963522,PushEvent,2022-08-17T15:52:40Z,17,8,2022
23487963444,PushEvent,2022-08-17T15:52:40Z,17,8,2022
23487963462,PullRequestEvent,2022-08-17T15:52:40Z,17,8,2022
23487963480,IssuesEvent,2022-08-17T15:52:40Z,17,8,2022
23487963457,PushEvent,2022-08-17T15:52:40Z,17,8,2022
23487963413,PushEvent,2022-08-17T15:52:40Z,17,8,2022
23487963429,PushEvent,2022-08-17T15:52:40Z,17,8,2022
23487963448,PushEvent,2022-08-17T15:52:40Z,17,8,2022
23487963440,PushEvent,2022-08-17T15:52:40Z,17,8,2022
23487963411,IssueCommentEvent,2022-08-17T15:52:40Z,17,8,2022
23487963456,IssueCommentEvent,2022-08-17T15:52:40Z,17,8,2022
23487963426,WatchEvent,2022-08-17T15:52:40Z,17,8,2022
23487963471,PullRequestEvent,2022-08-17T15:52:40Z,17,8,2022
23487963425,CreateEvent,2022-08-17T15:52:40Z,17,8,2022
23487963368,PushEvent,2022-08-17T15:52:40Z,17,8,2022
23487963384,PushEvent,2022-08-17T15:52:40Z,17,8,2022
23487963376,PushEvent,2022-08-17T15:52:40Z,17,8,2022
23487963366,PushEvent,2022-08-17T15:52:40Z,17,8,2022
